{"cameraMode":{"drawMode":0,"name":"Shaded","section":"Shading Mode"},"sceneLighting":true,"audioPlay":false,"sceneViewState":{"m_AlwaysRefresh":false,"showFog":true,"showSkybox":true,"showFlares":true,"showImageEffects":true,"showParticleSystems":true,"showVisualEffectGraphs":true,"m_FxEnabled":false},"in2DMode":false,"pivot":{"x":0.8562488555908203,"y":-0.3724961578845978,"z":24.461885452270509},"rotation":{"x":0.050698939710855487,"y":-0.7631009817123413,"z":0.060982994735240939,"w":0.6417548656463623},"size":0.2598074972629547,"orthographic":false}