{"cameraMode":{"drawMode":0,"name":"Shaded","section":"Shading Mode"},"sceneLighting":true,"audioPlay":false,"sceneViewState":{"m_AlwaysRefresh":false,"showFog":true,"showSkybox":true,"showFlares":true,"showImageEffects":true,"showParticleSystems":true,"showVisualEffectGraphs":true,"m_FxEnabled":false},"in2DMode":false,"pivot":{"x":-5.185821056365967,"y":2.0284085273742677,"z":21.594579696655275},"rotation":{"x":-0.13322235643863679,"y":-0.17206762731075288,"z":0.024251898750662805,"w":-0.976093053817749},"size":2.727120876312256,"orthographic":false}