{"cameraMode":{"drawMode":0,"name":"Shaded","section":"Shading Mode"},"sceneLighting":true,"audioPlay":false,"sceneViewState":{"m_AlwaysRefresh":false,"showFog":true,"showSkybox":true,"showFlares":true,"showImageEffects":true,"showParticleSystems":true,"showVisualEffectGraphs":true,"m_FxEnabled":false},"in2DMode":false,"pivot":{"x":-2.0608227252960207,"y":-0.3200327754020691,"z":49.843360900878909},"rotation":{"x":-0.08029618859291077,"y":0.4085865020751953,"z":-0.035268474370241168,"w":-0.9088811278343201},"size":2.727120876312256,"orthographic":false}